Achievement-end,6
Activities-Activities-end,3
Apparel-Apparel-end,59
Apparel-Apparel-Apparel-end,340
Apparel-Apparel-Apparel-Apparel-end,325
Apparel-Apparel-Apparel-Apparel-Apparel-end,60
ArtsEntertainment-end,7
ArtsEntertainment-ArtsEntertainment-end,68
ArtsEntertainment-ArtsEntertainment-ArtsEntertainment-end,211
ArtsEntertainment-ArtsEntertainment-ArtsEntertainment-ArtsEntertainment-end,184
ArtsEntertainment-ArtsEntertainment-ArtsEntertainment-ArtsEntertainment-ArtsEntertainment-end,29
Attributes-Attributes-end,86
Beauty-end,4
BeautyPersonalCare-end,1
BeautyPersonalCare-BeautyPersonalCare-end,58
BeautyPersonalCare-BeautyPersonalCare-BeautyPersonalCare-end,304
BeautyPersonalCare-BeautyPersonalCare-BeautyPersonalCare-BeautyPersonalCare-end,157
BeautyPersonalCare-BeautyPersonalCare-BeautyPersonalCare-BeautyPersonalCare-BeautyPersonalCare-end,14
BusinessIndustrial-end,11
BusinessIndustrial-BusinessIndustrial-end,83
BusinessIndustrial-BusinessIndustrial-BusinessIndustrial-end,97
BusinessIndustrial-BusinessIndustrial-BusinessIndustrial-BusinessIndustrial-end,87
BusinessIndustrial-BusinessIndustrial-BusinessIndustrial-BusinessIndustrial-BusinessIndustrial-end,51
ComputersConsumerElectronics-end,2
ComputersConsumerElectronics-ComputersConsumerElectronics-end,4
ComputersConsumerElectronics-ComputersConsumerElectronics-ComputersConsumerElectronics-end,28
ComputersConsumerElectronics-ComputersConsumerElectronics-ComputersConsumerElectronics-ComputersConsumerElectronics-end,63
ComputersConsumerElectronics-ComputersConsumerElectronics-ComputersConsumerElectronics-ComputersConsumerElectronics-ComputersConsumerElectronics-end,28
Conditions-end,4
ConsumerElectronics-ConsumerElectronics-ConsumerElectronics-end,16
ConsumerElectronics-ConsumerElectronics-end,8
Countries-Countries-end,4
Death-Death-end,1
Demographic-Demographic-Demographic-end,18
Different-end,1
Difficulty-Difficulty-end,2
DiningNightlife-end,4
DiningNightlife-DiningNightlife-end,13
DiningNightlife-DiningNightlife-DiningNightlife-end,47
Emotion-Emotion-end,17
Emotion-Emotion-Emotion-end,2
Endorphin-end,2
Energy-end,12
Event-Event-end,4
Family-end,3
FamilyCommunity-end,8
FamilyCommunity-FamilyCommunity-FamilyCommunity-end,112
FamilyCommunity-FamilyCommunity-end,11
FamilyCommunity-FamilyCommunity-FamilyCommunity-FamilyCommunity-FamilyCommunity-end,145
FamilyCommunity-FamilyCommunity-FamilyCommunity-FamilyCommunity-end,138
FamilyMembers-FamilyMembers-end,81
Feelings-Feelings-end,3
Finance-Finance-end,49
Finance-Finance-Finance-end,203
Finance-Finance-Finance-Finance-end,115
Finance-Finance-Finance-Finance-Finance-end,21
Finane-Finane-Finane-Finane-end,4
FoodGroceries-end,2
FoodGroceries-FoodGroceries-end,37
FoodGroceries-FoodGroceries-FoodGroceries-end,271
FoodGroceries-FoodGroceries-FoodGroceries-FoodGroceries-end,733
FoodGroceries-FoodGroceries-FoodGroceries-FoodGroceries-FoodGroceries-end,262
Health-end,5
Health-Health-Health-Health-end,661
Health-Health-end,37
Health-Health-Health-end,349
Health-Health-Health-Health-Health-end,316
Help-Help-Help-end,9
HobbiesLeisure-HobbiesLeisure-end,62
HobbiesLeisure-HobbiesLeisure-HobbiesLeisure-end,224
HobbiesLeisure-HobbiesLeisure-HobbiesLeisure-HobbiesLeisure-end,355
HobbiesLeisure-HobbiesLeisure-HobbiesLeisure-HobbiesLeisure-HobbiesLeisure-end,120
Home-Home-Home-end,8
HomeGarden-end,9
HomeGarden-HomeGarden-end,67
HomeGarden-HomeGarden-HomeGarden-end,254
HomeGarden-HomeGarden-HomeGarden-HomeGarden-end,219
HomeGarden-HomeGarden-HomeGarden-HomeGarden-HomeGarden-end,51
House-House-House-end,9
InternetTelecom-end,4
InternetTelecom-InternetTelecom-InternetTelecom-end,31
InternetTelecom-InternetTelecom-end,9
InternetTelecom-InternetTelecom-InternetTelecom-InternetTelecom-end,34
InternetTelecom-InternetTelecom-InternetTelecom-InternetTelecom-InternetTelecom-end,10
Jobs-end,6
JobsEducation-end,11
JobsEducation-JobsEducation-JobsEducation-end,65
JobsEducation-JobsEducation-JobsEducation-JobsEducation-end,118
JobsEducation-JobsEducation-JobsEducation-JobsEducation-JobsEducation-end,54
JobsEducation-JobsEducation-end,15
LawGovernment-LawGovernment-end,20
LawGovernment-LawGovernment-LawGovernment-end,23
LawGovernment-LawGovernment-LawGovernment-LawGovernment-end,20
life-end,7
NewsMediaPublications-end,3
NewsMediaPublications-NewsMediaPublications-NewsMediaPublications-end,85
NewsMediaPublications-NewsMediaPublications-end,26
OccasionsGifts-OccasionsGifts-end,51
OccasionsGifts-OccasionsGifts-OccasionsGifts-end,160
OccasionsGifts-OccasionsGifts-OccasionsGifts-OccasionsGifts-end,216
OccasionsGive-OccasionsGive-end,8
OccasionsGive-OccasionsGive-OccasionsGive-end,6
People-People-end,11
People-People-People-end,10
Personal-Personal-end,16
PersonalWeight-PersonalWeight-end,4
Pretty-end,4
Quality-Quality-end,16
RealEstate-RealEstate-end,8
RealEstate-RealEstate-RealEstate-RealEstate-end,2
RealEstate-RealEstate-RealEstate-end,10
Recommendation-end,6
RetailersGeneralMerchandise-end,4
RetailersGeneralMerchandise-RetailersGeneralMerchandise-end,7
Seasons-end,4
Seasons-Seasons-end,18
Seasons-Seasons-Seasons-end,13
Seasons-Seasons-Seasons-Seasons-end,6
Socializing-Socializing-end,2
SportsFitness-SportsFitness-SportsFitness-end,259
SportsFitness-SportsFitness-end,18
SportsFitness-SportsFitness-SportsFitness-SportsFitness-end,189
SportsFitness-SportsFitness-SportsFitness-SportsFitness-SportsFitness-end,104
Technology-end,8
Technology-Technology-end,4
Time-end,2
Time-Time-Time-end,24
Time-Time-end,6
Time-Time-Time-Time-end,9
Together-end,2
Travel-Travel-Travel-end,1
TravelTourism-TravelTourism-end,53
TravelTourism-TravelTourism-TravelTourism-end,97
TravelTourism-TravelTourism-TravelTourism-TravelTourism-end,51
Vehicles-end,2
Vehicles-Vehicles-end,40
Vehicles-Vehicles-Vehicles-end,126
Vehicles-Vehicles-Vehicles-Vehicles-end,239
